CustomerID,FirstName,LastName,Email,Phone,Address
CUS001,Krisha,Manie,kmanie0@vimeo.com,714-494-8982,105 Lindbergh Pass
CUS002,Dulce,Emlin,demlin1@blogger.com,124-488-8280,63049 Orin Junction
CUS003,Pasquale,Bruckenthal,pbruckenthal2@stanford.edu,311-997-3771,08670 Thackeray Drive
CUS004,Lombard,Mosdell,lmosdell3@icq.com,486-437-8272,50323 Glacier Hill Road
CUS005,Dulcy,Ruperto,druperto4@surveymonkey.com,804-917-8406,73774 Hallows Drive
CUS006,Junette,Castanares,jcastanares5@google.com.hk,440-532-2515,675 Lakewood Place
CUS007,Prince,Poltone,ppoltone6@blinklist.com,485-561-7489,37 Anhalt Avenue
CUS008,Gretchen,Mack,gmack7@guardian.co.uk,982-833-4219,13806 Monica Court
CUS009,Moina,Fante,mfante8@gravatar.com,895-839-6381,2170 Summerview Alley
CUS010,Joe,Augar,jaugar9@ox.ac.uk,226-393-4321,199 Norway Maple Point
CUS011,Jenda,Nare,jnarea@seattletimes.com,816-656-1472,88553 Goodland Lane
CUS012,Obadias,Lunam,olunamb@patch.com,251-476-7139,733 Montana Point
CUS013,Elise,Winspire,ewinspirec@ibm.com,732-526-6673,3678 Sherman Way
CUS014,Sula,Maton,smatond@yolasite.com,462-309-6880,2 Northridge Crossing
CUS015,Philomena,Kupis,pkupise@fda.gov,314-652-0673,42462 Springview Court
CUS016,Drew,Riggs,driggsf@netscape.com,479-615-1433,99 Waywood Parkway
CUS017,Orelle,Longridge,olongridgeg@bbb.org,234-311-0902,05433 Prairie Rose Point
CUS018,Tiena,Woodthorpe,twoodthorpeh@nih.gov,916-337-4901,01926 Hanson Crossing
CUS019,Doralia,Alldis,dalldisi@illinois.edu,494-231-6210,5391 Farragut Terrace
CUS020,Corie,Mayworth,cmayworthj@mapy.cz,363-810-0663,83 Banding Pass
CUS021,Ethan,Kean,ekeank@irs.gov,623-432-1064,888 Pepper Wood Center
CUS022,Davon,Novak,dnovakl@cnet.com,980-333-5136,1 Shoshone Trail
CUS023,Bendick,Andreix,bandreixm@yandex.ru,725-895-0784,14 Birchwood Pass
CUS024,My,Tathacott,mtathacottn@ftc.gov,559-341-3998,98124 Hoard Place
CUS025,Clementius,Mollett,cmolletto@phoca.cz,259-932-5053,92518 Johnson Circle
CUS026,Ly,Larmet,llarmetp@yelp.com,929-196-9196,1035 American Point
CUS027,Albertina,Tomaini,atomainiq@jalbum.net,459-428-1791,0905 Grim Terrace
CUS028,Clarance,Minifie,cminifier@uiuc.edu,437-560-7653,552 2nd Way
CUS029,Perrine,Haquin,phaquins@ning.com,840-209-0313,92 Clemons Parkway
CUS030,Frankie,Lytlle,flytllet@google.nl,603-790-0740,16 Anthes Point
CUS031,Izzy,Glencross,iglencrossu@sbwire.com,931-340-0229,99899 Fieldstone Trail
CUS032,Reginauld,Ketcher,rketcherv@usgs.gov,538-838-2769,990 Gulseth Hill
CUS033,Barty,Chesnay,bchesnayw@reddit.com,117-424-6335,83 Prairie Rose Hill
CUS034,Nelson,MacDunlevy,nmacdunlevyx@msn.com,650-288-2047,789 Petterle Alley
CUS035,Mattias,Willman,mwillmany@canalblog.com,431-907-9815,32 Kensington Place
CUS036,Pyotr,Jovovic,pjovovicz@auda.org.au,807-347-9047,136 Elgar Street
CUS037,Jean,Erbain,jerbain10@oakley.com,805-270-7618,7614 Stuart Avenue
CUS038,Datha,Saundercock,dsaundercock11@google.co.uk,839-851-0542,8961 Reindahl Point
CUS039,Editha,Choudhury,echoudhury12@sfgate.com,743-836-8563,3873 Claremont Trail
CUS040,Latisha,Burras,lburras13@cbsnews.com,113-138-5563,6131 Algoma Avenue
CUS041,Frankie,Peteri,fpeteri14@who.int,217-407-2887,466 Pine View Way
CUS042,Hobart,Stuck,hstuck15@goodreads.com,930-940-2090,5401 Elmside Circle
CUS043,Dell,Folcarelli,dfolcarelli16@si.edu,611-538-1999,72444 Meadow Ridge Crossing
CUS044,Natalie,Rowdell,nrowdell17@plala.or.jp,324-242-2138,1688 Iowa Junction
CUS045,Onfre,Hobbing,ohobbing18@jugem.jp,992-750-1988,41324 Corscot Center
CUS046,Giacobo,Nutley,gnutley19@rambler.ru,921-701-8414,94952 Rusk Avenue
CUS047,Packston,Jacquemy,pjacquemy1a@networkadvertising.org,586-377-8913,52 Red Cloud Crossing
CUS048,Ranna,Jossum,rjossum1b@amazon.co.uk,174-549-8287,9715 Northport Pass
CUS049,Montgomery,Scud,mscud1c@toplist.cz,284-889-7427,5 Oneill Court
CUS050,Karel,Taggerty,ktaggerty1d@bandcamp.com,314-250-8914,2838 Forest Way
CUS051,Rodina,Locarno,rlocarno1e@nymag.com,847-419-0358,7 Roxbury Trail
CUS052,Ade,Muggleston,amuggleston1f@elegantthemes.com,729-886-4672,649 Rigney Alley
CUS053,Berty,Pursey,bpursey1g@etsy.com,232-644-1581,56858 Forest Dale Parkway
CUS054,Jerrie,Gull,jgull1h@wp.com,162-874-1192,5304 Morningstar Avenue
CUS055,Lise,Towlson,ltowlson1i@squidoo.com,534-526-6624,3252 Spohn Avenue
CUS056,Bria,Forsyth,bforsyth1j@indiatimes.com,691-755-7409,32656 Arizona Parkway
CUS057,Launce,Sextie,lsextie1k@arizona.edu,751-937-1331,1346 Debra Parkway
CUS058,Corrinne,Pydcock,cpydcock1l@merriam-webster.com,268-348-8827,2 Northwestern Hill
CUS059,Trev,O'Neill,toneill1m@mozilla.com,796-255-0567,043 Eastlawn Hill
CUS060,Chance,Dumbleton,cdumbleton1n@cyberchimps.com,676-899-7693,96 Holmberg Place
CUS061,Abram,Fridlington,afridlington1o@rambler.ru,769-980-8556,55415 Hovde Center
CUS062,Merrielle,Sollars,msollars1p@huffingtonpost.com,243-439-7335,766 Brown Alley
CUS063,Matthus,Poskitt,mposkitt1q@deviantart.com,449-220-7504,6353 Westport Pass
CUS064,Annelise,Woodhead,awoodhead1r@tmall.com,280-850-6538,198 Sachs Center
CUS065,Carri,Lawley,clawley1s@dedecms.com,691-901-2059,805 Nancy Crossing
CUS066,Urban,Hargey,uhargey1t@wikimedia.org,299-888-0320,21 Basil Way
CUS067,Lorrie,Press,lpress1u@canalblog.com,798-961-0847,2 Hagan Way
CUS068,Eziechiele,Hierro,ehierro1v@istockphoto.com,813-724-1709,4 Arapahoe Plaza
CUS069,Guillermo,Shrubshall,gshrubshall1w@techcrunch.com,316-399-6925,8783 Dakota Park
CUS070,Timoteo,Sommers,tsommers1x@aboutads.info,129-451-5742,42 Toban Crossing
CUS071,Teriann,Skeene,tskeene1y@narod.ru,816-302-4291,6643 Grayhawk Road
CUS072,Hubey,Alforde,halforde1z@feedburner.com,963-228-0165,412 Longview Parkway
CUS073,Ike,Clerc,iclerc20@plala.or.jp,571-239-9191,88 Farmco Way
CUS074,Bernetta,MacRierie,bmacrierie21@drupal.org,494-999-1404,292 Hoepker Parkway
CUS075,Gregoor,Nickell,gnickell22@hibu.com,768-975-3361,194 Mendota Place
CUS076,Alyosha,Randlesome,arandlesome23@t-online.de,274-254-3022,354 Ridgeway Street
CUS077,Vernice,Ughi,vughi24@lycos.com,120-738-6547,18165 Bellgrove Trail
CUS078,Michal,Jurczyk,mjurczyk25@narod.ru,587-224-3452,5 Schiller Lane
CUS079,Rikki,Heggie,rheggie26@amazon.com,410-800-0514,49 Towne Crossing
CUS080,Christiane,Brosi,cbrosi27@mediafire.com,888-579-0024,07 Hoard Crossing
CUS081,Neely,Aronoff,naronoff28@washington.edu,501-115-1959,84 Artisan Circle
CUS082,Clywd,Cuttell,ccuttell29@hc360.com,705-628-6075,27692 Glendale Pass
CUS083,Virgie,Heinzel,vheinzel2a@alibaba.com,492-258-8771,2200 1st Junction
CUS084,Jerald,Potell,jpotell2b@indiegogo.com,969-417-3319,04 Raven Circle
CUS085,Arnoldo,MacGilrewy,amacgilrewy2c@china.com.cn,510-974-8756,79800 Norway Maple Hill
CUS086,Forrest,Purse,fpurse2d@google.es,695-662-1078,3514 Anzinger Point
CUS087,Law,Screaton,lscreaton2e@surveymonkey.com,389-637-4746,7157 Ramsey Hill
CUS088,Alphard,Goodhay,agoodhay2f@slashdot.org,136-327-5274,6 Susan Way
CUS089,Nowell,Branford,nbranford2g@netlog.com,766-200-4860,0 Arizona Circle
CUS090,Anselm,Pyle,apyle2h@mediafire.com,748-923-8786,304 Mendota Alley
CUS091,Gordon,Johnsey,gjohnsey2i@patch.com,704-160-5159,18887 Gerald Alley
CUS092,Mora,Dyneley,mdyneley2j@prlog.org,281-420-5299,12941 Merrick Court
CUS093,Naomi,Whittington,nwhittington2k@census.gov,722-563-9388,85154 Rowland Street
CUS094,Carolyn,Magauran,cmagauran2l@cam.ac.uk,665-819-0288,6782 Mcguire Point
CUS095,Helen-elizabeth,Ciccoloi,hciccoloi2m@miibeian.gov.cn,698-829-1525,4878 Karstens Crossing
CUS096,Koenraad,Lempertz,klempertz2n@nature.com,363-594-8783,0 Merchant Drive
CUS097,Dew,Hamson,dhamson2o@intel.com,326-366-6378,45007 Novick Alley
CUS098,Myranda,Gritten,mgritten2p@reddit.com,183-379-0013,839 Stoughton Crossing
CUS099,Angelico,Murch,amurch2q@cbc.ca,806-124-1647,076 Beilfuss Street
CUS100,Rea,Costello,rcostello2r@answers.com,479-853-3270,2 Green Ridge Trail
CUS101,Rex,Lukacs,rlukacs2s@wired.com,277-139-3184,84647 Farragut Drive
CUS102,Livvy,Romeuf,lromeuf2t@nytimes.com,789-900-3067,90730 Eastlawn Street
CUS103,Evvy,Congreve,econgreve2u@artisteer.com,552-894-9522,22 Hooker Place
CUS104,Lisbeth,Petroulis,lpetroulis2v@spotify.com,174-271-3640,6 Orin Avenue
CUS105,Maitilde,Dignam,mdignam2w@jiathis.com,823-407-1415,2383 Towne Court
CUS106,Adelaida,Barense,abarense2x@ow.ly,433-901-1581,34 Veith Center
CUS107,Rosalind,Wortt,rwortt2y@com.com,243-341-1880,00071 Grim Way
CUS108,Petronille,Kelshaw,pkelshaw2z@yahoo.com,859-774-8780,2218 Buena Vista Avenue
CUS109,Torre,Bernholt,tbernholt30@miibeian.gov.cn,352-673-4193,073 Morrow Street
CUS110,Sully,Yearron,syearron31@whitehouse.gov,993-384-9375,82 Warbler Place
CUS111,Tabbitha,Bulward,tbulward32@ox.ac.uk,515-400-8564,251 Hollow Ridge Point
CUS112,Myrilla,Childe,mchilde33@marketwatch.com,184-849-7504,2 Portage Parkway
CUS113,Adina,Bromige,abromige34@a8.net,157-810-3630,21 Briar Crest Street
CUS114,Waylan,Suthworth,wsuthworth35@skyrock.com,998-201-6405,454 Mayer Pass
CUS115,Gayle,Gabbat,ggabbat36@weather.com,377-242-4194,35 Toban Street
CUS116,Gretna,Humphrys,ghumphrys37@unblog.fr,704-802-1537,7038 Westerfield Court
CUS117,Evelin,Ungerecht,eungerecht38@merriam-webster.com,381-609-4792,23 Bunker Hill Park
CUS118,Gallard,Pates,gpates39@comsenz.com,740-972-1985,66 Melvin Crossing
CUS119,Mathilde,Blinman,mblinman3a@webnode.com,290-750-8464,052 Eagle Crest Trail
CUS120,Martita,Gregorio,mgregorio3b@dell.com,759-411-0028,6728 West Circle
CUS121,Paulette,Bome,pbome3c@vinaora.com,291-748-5099,1030 Weeping Birch Terrace
CUS122,Urban,Gavan,ugavan3d@blogs.com,935-921-6185,1 Randy Crossing
CUS123,Vonny,Polhill,vpolhill3e@free.fr,418-590-4307,20 Elgar Park
CUS124,Ibrahim,Olifard,iolifard3f@privacy.gov.au,212-544-2519,21591 Talisman Terrace
CUS125,Kristy,Hemphall,khemphall3g@ning.com,187-780-9922,180 Vera Terrace
CUS126,Lammond,Castelin,lcastelin3h@bravesites.com,555-586-6537,31 Barnett Junction
CUS127,Clio,Corradini,ccorradini3i@stanford.edu,100-708-6271,11739 Blackbird Hill
CUS128,Rikki,Luther,rluther3j@arizona.edu,367-298-4117,42 Ridgeway Plaza
CUS129,Kelcie,Smedmore,ksmedmore3k@psu.edu,165-187-2527,04057 Becker Drive
CUS130,Belicia,McAlpine,bmcalpine3l@nih.gov,824-217-7129,70 Riverside Trail
CUS131,Rosabel,Anthonsen,ranthonsen3m@bloglines.com,483-972-4074,7547 Vidon Avenue
CUS132,Brinn,Fayers,bfayers3n@51.la,835-372-9746,7865 Prentice Plaza
CUS133,Jesus,Illwell,jillwell3o@opera.com,633-814-5868,609 Kedzie Road
CUS134,Osbert,Hupka,ohupka3p@addthis.com,891-570-5918,5 Starling Alley
CUS135,Brice,Relton,brelton3q@acquirethisname.com,124-842-7684,1520 Pine View Center
CUS136,Nissie,Larn,nlarn3r@arstechnica.com,325-734-3177,14823 Mallory Hill
CUS137,Merrill,Bage,mbage3s@joomla.org,509-482-1368,5 Kim Junction
CUS138,Elsi,Garnsworthy,egarnsworthy3t@soundcloud.com,839-306-6261,197 Blue Bill Park Plaza
CUS139,Tannie,Inger,tinger3u@usa.gov,324-390-2192,0 Glacier Hill Trail
CUS140,Vicky,Bastian,vbastian3v@elegantthemes.com,842-589-0961,36 Talmadge Terrace
CUS141,Alexander,Tearny,atearny3w@mail.ru,836-625-8144,13351 Muir Way
CUS142,Baxy,Bloxland,bbloxland3x@ca.gov,160-648-0270,3 4th Lane
CUS143,Papagena,Balsellie,pbalsellie3y@taobao.com,534-743-9850,35 Hudson Parkway
CUS144,Ralph,Ponnsett,rponnsett3z@engadget.com,739-221-7369,70282 Shasta Place
CUS145,Ario,Sperwell,asperwell40@fema.gov,791-856-8814,58920 Porter Road
CUS146,Jessie,Snewin,jsnewin41@hao123.com,956-346-7568,38 Lerdahl Junction
CUS147,Braden,Rodie,brodie42@goodreads.com,107-900-3851,3 Cherokee Plaza
CUS148,Stevy,Rattenberie,srattenberie43@weather.com,422-982-7229,9 Luster Road
CUS149,Darcie,Minchinden,dminchinden44@uiuc.edu,128-591-4408,2107 Aberg Lane
CUS150,Nanice,Noirel,nnoirel45@constantcontact.com,713-879-9843,194 Hazelcrest Street
CUS151,Karine,Gillbee,kgillbee46@jalbum.net,203-573-2564,31 Melvin Lane
CUS152,Sandie,Mongenot,smongenot47@canalblog.com,571-126-6965,530 Towne Circle
CUS153,Elvyn,Earwaker,eearwaker48@sakura.ne.jp,502-339-2198,459 Blue Bill Park Parkway
CUS154,Ynez,Ciciari,yciciari49@dyndns.org,655-900-9128,052 Ridgeway Terrace
CUS155,Robin,Clearie,rclearie4a@quantcast.com,841-704-2159,41 Manufacturers Avenue
CUS156,Shane,Arnott,sarnott4b@bandcamp.com,210-952-4479,9286 Hayes Plaza
CUS157,Janis,Marchiso,jmarchiso4c@ifeng.com,800-384-5584,3340 Forster Terrace
CUS158,Wendy,Newbold,wnewbold4d@feedburner.com,248-861-4388,5293 Southridge Lane
CUS159,Lionello,Yakovich,lyakovich4e@1und1.de,216-260-7116,72384 Michigan Junction
CUS160,Malissia,Daoust,mdaoust4f@cbsnews.com,867-122-1212,2 Waywood Alley
CUS161,Devon,Stanbro,dstanbro4g@4shared.com,851-991-7835,3 Summerview Circle
CUS162,Earl,Timmens,etimmens4h@barnesandnoble.com,183-414-6519,978 Emmet Center
CUS163,Margaret,Chell,mchell4i@uol.com.br,817-839-6668,1 Summer Ridge Road
CUS164,Francyne,Mickleburgh,fmickleburgh4j@lycos.com,913-862-9424,4966 Mitchell Park
CUS165,Joel,Lumpkin,jlumpkin4k@youtube.com,936-897-8732,44 Scofield Place
CUS166,Dita,Colecrough,dcolecrough4l@hugedomains.com,109-908-8125,7117 Bunting Alley
CUS167,Brianne,Bausor,bbausor4m@phpbb.com,947-307-0482,366 Forest Dale Trail
CUS168,Hirsch,Smeuin,hsmeuin4n@yelp.com,967-241-2678,43 Merchant Hill
CUS169,Marlee,Chastel,mchastel4o@geocities.jp,136-703-7896,3613 Sage Place
CUS170,Tracey,Goodred,tgoodred4p@yahoo.com,315-933-3901,0146 Michigan Alley
CUS171,Natty,Seals,nseals4q@instagram.com,915-360-5989,4 Bluestem Road
CUS172,Lonnie,Wilcher,lwilcher4r@cloudflare.com,701-733-0221,029 Barby Parkway
CUS173,Vern,Mouton,vmouton4s@msn.com,310-437-4624,8572 Mcbride Place
CUS174,Kippie,Rafe,krafe4t@senate.gov,584-775-6063,165 Duke Avenue
CUS175,Dag,McIlheran,dmcilheran4u@sourceforge.net,906-444-8520,58 Hanson Avenue
CUS176,Viviana,Jodlowski,vjodlowski4v@house.gov,778-939-7911,982 Kingsford Road
CUS177,Stephenie,Thiolier,sthiolier4w@hexun.com,140-907-1690,496 Crest Line Hill
CUS178,Albert,Rugge,arugge4x@odnoklassniki.ru,966-501-9004,4045 Dennis Hill
CUS179,Miriam,Ranby,mranby4y@cpanel.net,772-638-9826,3 Charing Cross Trail
CUS180,Skipp,Addie,saddie4z@census.gov,809-202-9429,8 Blue Bill Park Parkway
CUS181,Shir,Golagley,sgolagley50@un.org,848-148-3389,43587 Orin Way
CUS182,Maximilien,Dicken,mdicken51@virginia.edu,632-944-2947,8945 Dayton Plaza
CUS183,Mariska,Hincham,mhincham52@freewebs.com,504-127-8655,417 Bartelt Lane
CUS184,Dorian,O'Crowley,docrowley53@aol.com,508-507-3176,5636 Barnett Park
CUS185,Kessia,Apted,kapted54@pagesperso-orange.fr,686-605-2391,814 Westridge Drive
CUS186,Shane,Renowden,srenowden55@furl.net,791-268-3597,82 Waywood Plaza
CUS187,Tallia,Overthrow,toverthrow56@businesswire.com,356-669-6213,82 Moulton Center
CUS188,Sidoney,Kingerby,skingerby57@360.cn,180-871-7738,80 Mifflin Junction
CUS189,Giulia,Loosely,gloosely58@gov.uk,742-311-7338,3150 Village Green Road
CUS190,Ros,Rilton,rrilton59@rambler.ru,884-687-9411,82 Cottonwood Point
CUS191,Jacinthe,Chellam,jchellam5a@yahoo.com,824-451-3432,240 Graedel Court
CUS192,Audrie,Hounsom,ahounsom5b@sun.com,944-707-6059,9 Dakota Parkway
CUS193,Angelle,Birwhistle,abirwhistle5c@blinklist.com,387-887-8046,5449 Clarendon Plaza
CUS194,Armando,Moncrieffe,amoncrieffe5d@illinois.edu,871-223-3551,62 2nd Way
CUS195,Antone,Whitlock,awhitlock5e@cargocollective.com,848-886-4084,4 Pine View Pass
CUS196,Wandis,Dallemore,wdallemore5f@bigcartel.com,753-127-6801,302 Troy Way
CUS197,Ddene,Gally,dgally5g@github.io,812-600-7431,73 Fairview Road
CUS198,Kim,Nelhams,knelhams5h@google.nl,804-971-2237,500 Burrows Crossing
CUS199,Nedda,Capener,ncapener5i@miitbeian.gov.cn,484-445-7439,8 Anniversary Street
CUS200,Gertruda,Lantuff,glantuff5j@godaddy.com,190-661-9370,130 Canary Parkway
CUS201,Hubey,Southan,hsouthan5k@dailymail.co.uk,431-542-2275,350 Dorton Circle
CUS202,Calhoun,Bowton,cbowton5l@pen.io,490-625-5717,9 Troy Parkway
CUS203,Weylin,Padula,wpadula5m@arstechnica.com,573-850-3686,76 Lakewood Gardens Place
CUS204,Kienan,Comer,kcomer5n@illinois.edu,165-734-8303,0 Blackbird Street
CUS205,Minerva,Broadis,mbroadis5o@intel.com,182-790-8873,18 Paget Junction
CUS206,Shaughn,Shoveller,sshoveller5p@instagram.com,188-609-1986,20778 Shasta Street
CUS207,Fayre,Oliva,foliva5q@ow.ly,895-683-9047,4 Sunfield Terrace
CUS208,Ardis,Bohling,abohling5r@last.fm,331-787-2597,4 Meadow Ridge Road
CUS209,Tyrus,Sherborne,tsherborne5s@csmonitor.com,613-730-1724,313 Crowley Terrace
CUS210,Lydia,Foystone,lfoystone5t@amazon.com,840-860-6374,080 Scofield Drive
CUS211,Gerti,Keitley,gkeitley5u@hatena.ne.jp,223-249-3441,051 Barnett Terrace
CUS212,Nomi,Traylen,ntraylen5v@angelfire.com,648-288-2497,461 Del Mar Crossing
CUS213,Jeana,Leakner,jleakner5w@npr.org,284-925-1941,572 Schiller Circle
CUS214,Dacia,Haller,dhaller5x@ning.com,274-939-7419,79 Monterey Drive
CUS215,Kyrstin,Epilet,kepilet5y@123-reg.co.uk,283-245-4253,3747 Russell Park
CUS216,Teresina,Jordin,tjordin5z@i2i.jp,243-922-6625,74997 Cordelia Place
CUS217,Arther,Ourtic,aourtic60@soup.io,967-955-5619,867 8th Trail
CUS218,Mariel,Lapthorn,mlapthorn61@usa.gov,567-670-3497,59579 Lindbergh Alley
CUS219,Royall,Raoux,rraoux62@tinypic.com,459-301-2950,9 Straubel Trail
CUS220,Carena,Grisard,cgrisard63@usda.gov,603-670-7290,2 Commercial Lane
CUS221,Wallache,Hidderley,whidderley64@omniture.com,624-915-1468,1384 Buena Vista Terrace
CUS222,Wendell,Tomisch,wtomisch65@live.com,810-803-0623,46949 Ramsey Junction
CUS223,Karl,Studdeard,kstuddeard66@answers.com,875-284-3920,55 Jenifer Court
CUS224,Cynthie,Dach,cdach67@trellian.com,792-212-2946,30 Golden Leaf Junction
CUS225,Johnna,Readings,jreadings68@ustream.tv,551-408-9396,26396 Fordem Center
CUS226,Rosanna,Turrill,rturrill69@pen.io,531-505-8698,11224 Karstens Junction
CUS227,Merridie,Hurler,mhurler6a@joomla.org,140-622-5155,25 Glacier Hill Drive
CUS228,Elwood,Marmion,emarmion6b@discuz.net,384-675-7067,7 Donald Street
CUS229,Elora,Breckin,ebreckin6c@msu.edu,335-376-1136,2 6th Crossing
CUS230,Heloise,Zavattero,hzavattero6d@studiopress.com,410-166-2778,1277 Twin Pines Terrace
CUS231,Alie,Sowerbutts,asowerbutts6e@bizjournals.com,758-530-2077,852 Straubel Avenue
CUS232,Tony,Allcorn,tallcorn6f@vinaora.com,626-971-1393,19060 Sunfield Crossing
CUS233,Cleavland,Harry,charry6g@sitemeter.com,202-369-6793,2 Springview Lane
CUS234,Bridgette,Innett,binnett6h@cdbaby.com,110-546-2502,4832 Maple Junction
CUS235,Ransom,Ogborne,rogborne6i@wsj.com,585-130-1075,30813 Center Circle
CUS236,Vanny,Tousey,vtousey6j@imageshack.us,964-987-7274,49329 Talisman Lane
CUS237,Fulvia,Beathem,fbeathem6k@wp.com,253-905-1894,2 Stone Corner Crossing
CUS238,Ara,Bogart,abogart6l@sfgate.com,277-515-3230,13 Center Street
CUS239,Arly,MacAvaddy,amacavaddy6m@istockphoto.com,123-452-1949,62169 Graceland Lane
CUS240,Tammi,Folliss,tfolliss6n@github.com,293-528-7437,31 Iowa Pass
CUS241,Chick,Bentjens,cbentjens6o@google.pl,550-321-0211,271 Crescent Oaks Circle
CUS242,Sher,Menis,smenis6p@bluehost.com,693-601-6682,79 Lotheville Road
CUS243,Berkley,Bottinelli,bbottinelli6q@ovh.net,394-670-3343,8050 Arrowood Road
CUS244,Ursola,Slinger,uslinger6r@uol.com.br,895-914-7084,6365 Orin Street
CUS245,Marc,Salthouse,msalthouse6s@webmd.com,977-589-0594,5260 Truax Pass
CUS246,Pren,Turfitt,pturfitt6t@vistaprint.com,393-154-2950,1 Grim Court
CUS247,Judye,Gaudon,jgaudon6u@feedburner.com,321-474-8141,64 Mcbride Drive
CUS248,Timotheus,Louiset,tlouiset6v@webs.com,222-211-8837,7321 Lyons Way
CUS249,Lorelei,Holdey,lholdey6w@vistaprint.com,399-168-0824,862 Kim Junction
CUS250,Ella,Nisot,enisot6x@geocities.com,708-291-3467,72 Lerdahl Center
