EmployeeID,FirstName,LastName,Email,Position,Salary
1,Sidoney,Labroue,slabroue0@google.co.uk,Stockroom Associate,7185968498.87
2,Manuel,Bowmen,mbowmen1@comsenz.com,Customer Care Associate,7512914381.83
3,Adams,Alishoner,aalishoner2@posterous.com,Customer Experience Manager,3348436960.84
4,Boris,Dayton,bdayton3@bloomberg.com,Department Manager,7258349721.17
5,Cathi,Brokenshire,cbrokenshire4@si.edu,Front End Supervisor,8455124270.02
6,Brandie,Ricioppo,bricioppo5@home.pl,Marketing Coordinator,8190774269.36
7,Alejoa,Bumfrey,abumfrey6@w3.org,Shop Assistant,9954043803.72
8,Jessamine,Cranmore,jcranmore7@ycombinator.com,Store Director,2585554015.8
9,Margarethe,Whitehead,mwhitehead8@disqus.com,Retail Sales Specialist,1258793033.75
10,Sibylle,De Maine,sdemaine9@pbs.org,Assistant Store Manager,972562160.85
11,Janine,Oller,jollera@nytimes.com,Assistant Store Manager,7641672001.52
12,Anna,Burk,aburkb@aboutads.info,Loss Prevention Officer,6016536825.8
13,Jule,Bicker,jbickerc@comsenz.com,Sales Supervisor,3787517021.94
14,Vevay,Fealey,vfealeyd@eventbrite.com,Inventory Control Manager,1530627066.05
15,Jeanette,Hair,jhaire@de.vu,Regional Retail Manager,7959476143.5
16,Bird,Guesford,bguesfordf@toplist.cz,Assistant Retail Manager,3901528476.81
17,Jaclin,Finch,jfinchg@prlog.org,Retail Sales Associate,3574052461.83
18,Querida,Stolli,qstollih@free.fr,Store Director,104975507.34
19,Paulita,Kenyon,pkenyoni@dropbox.com,Store Manager,7424057565.15
20,Darline,Girvin,dgirvinj@1und1.de,Warehouse Associate,8790010760.51
21,Giorgio,Robertz,grobertzk@who.int,Customer Service Representative,2150909493.09
22,Freeman,Carwithim,fcarwithiml@chicagotribune.com,Retail Trainer,7262907966.96
23,Florinda,Bridgland,fbridglandm@un.org,Brand Ambassador,1295202343.96
24,Portie,Loalday,ploaldayn@youku.com,Loss Prevention Officer,3959801133.3
25,Ive,Serfati,iserfatio@smugmug.com,Online Store Coordinator,5085215938.82
26,Barbette,Hames,bhamesp@addtoany.com,Retail Sales Specialist,9923697330.73
27,Odelle,Libermore,olibermoreq@howstuffworks.com,Store Director,2423560878.04
28,Ellsworth,Baurerich,ebaurerichr@example.com,Front End Supervisor,5513198929.54
29,Letta,Heed,lheeds@live.com,Online Store Coordinator,7350613620.73
30,Camile,Sprowell,csprowellt@goo.ne.jp,Keyholder,993828177.6
31,Nissy,Stirland,nstirlandu@xinhuanet.com,Visual Merchandiser,3443834188.5
32,Skipp,Shaxby,sshaxbyv@cafepress.com,Stock Clerk,7887556056.51
33,Carla,Hearl,chearlw@blogs.com,Sales Consultant,6694027388.75
34,Adelina,Solano,asolanox@sphinn.com,Retail Stock Supervisor.,9096505367.6
35,Reba,Babon,rbabony@oakley.com,Inventory Control Manager,6294049848.67
36,Berky,Dowglass,bdowglassz@xinhuanet.com,Product Specialist,6219527725.4
37,Avivah,Westman,awestman10@nbcnews.com,Sales Supervisor,5755101695.94
38,Jillie,Sarjeant,jsarjeant11@miitbeian.gov.cn,Assistant Store Manager,4923324177.12
39,Tally,Tresvina,ttresvina12@oakley.com,Seasonal Sales Associate,5903770429.39
40,Collette,Lodin,clodin13@mail.ru,E-commerce Manager,431104722.93
41,Cami,Picken,cpicken14@blogs.com,Assistant Retail Manager,5464533539.61
42,Enriqueta,Pirie,epirie15@networkadvertising.org,Retail Sales Specialist,3710819152.89
43,Bette-ann,Appleyard,bappleyard16@theatlantic.com,Customer Service Representative,4539474411.61
44,Aron,Privett,aprivett17@tamu.edu,Senior Store Manager,8231254550.54
45,Cynde,Lisciardelli,clisciardelli18@sitemeter.com,Retail Marketing Specialist,9952768532.46
46,Antonin,Ainsbury,aainsbury19@tripadvisor.com,Floor Supervisor,9127091977.72
47,Denny,Caff,dcaff1a@t-online.de,Sales Floor Associate,1835204491.57
48,Evin,Guion,eguion1b@simplemachines.org,Sales Floor Associate,1460248608.74
49,Cass,de Leon,cdeleon1c@prlog.org,Retail Brand Manager,9865868088.36
50,Maximilian,Baggot,mbaggot1d@home.pl,Store Associate,5694001825.05
51,Gilberte,Gatcliff,ggatcliff1e@indiatimes.com,Retail Operations Coordinator,9067673926.0
52,Vidovic,Napolitano,vnapolitano1f@discovery.com,Product Specialist,3593448302.27
53,Basil,Parriss,bparriss1g@hostgator.com,Retail Trainer,8572669448.78
54,Nikkie,Larderot,nlarderot1h@google.es,Sales Associate,8701441720.95
55,Jessy,Gainsford,jgainsford1i@nationalgeographic.com,Sales Floor Associate,9464415219.83
56,Celestyn,Mattielli,cmattielli1j@prlog.org,Online Store Coordinator,9395740451.11
57,Gert,Battersby,gbattersby1k@blog.com,Retail Trainer,1968900604.77
58,Julie,Boulstridge,jboulstridge1l@symantec.com,Retail Support Specialist,1737677371.59
59,Livvyy,Bulbrook,lbulbrook1m@imageshack.us,Store Manager,2952600130.74
60,Arv,Danis,adanis1n@dailymail.co.uk,Product Knowledge Expert,1602393806.48
61,Tiffi,Kopman,tkopman1o@imdb.com,Department Manager,6630027171.34
62,Alic,Oldrey,aoldrey1p@craigslist.org,Retail Trainer,18022128.7
63,Holly-anne,Wolfer,hwolfer1q@taobao.com,Store Coordinator,3408343412.2
64,Lyndsie,Joret,ljoret1r@businessweek.com,Marketing Coordinator,2582168343.16
65,Ezmeralda,Beisley,ebeisley1s@cnet.com,Retail Operations Manager,376222086.02
66,Kelby,Spoerl,kspoerl1t@sitemeter.com,Sales Consultant,948325773.47
67,Cullie,Croutear,ccroutear1u@angelfire.com,Retail Support Specialist,8708423616.5
68,Fidela,O'Hartnett,fohartnett1v@earthlink.net,Retail Operations Manager,9201694020.1
69,Sascha,Wenden,swenden1w@prnewswire.com,Product Knowledge Expert,7080120969.89
70,Evangelia,Ogley,eogley1x@themeforest.net,Customer Experience Manager,520645664.26
71,Malanie,Hartil,mhartil1y@deviantart.com,Inventory Control Manager,2455667731.32
72,Zachery,Bucklan,zbucklan1z@so-net.ne.jp,Visual Merchandiser,3193109146.97
73,Nicoli,Trood,ntrood20@list-manage.com,Customer Experience Manager,8249216879.44
74,Annadiane,Habbal,ahabbal21@illinois.edu,Customer Experience Manager,4517904305.48
75,Rodina,Larking,rlarking22@smugmug.com,Inventory Coordinator,1506175119.86
76,Bess,Fawssett,bfawssett23@tripod.com,Stock Clerk,7667378495.16
77,Christa,Sebright,csebright24@squidoo.com,Sales Consultant,6021070564.2
78,Fara,Heifer,fheifer25@reuters.com,Retail Brand Manager,4162676718.22
79,Antoni,Blenkiron,ablenkiron26@skyrock.com,Cashier,3096001366.77
80,Ivory,Dakhno,idakhno27@jimdo.com,Keyholder,590739897.45
81,Art,Bernardotte,abernardotte28@ow.ly,Regional Retail Manager,2705523303.82
82,Jeniece,Waumsley,jwaumsley29@soup.io,Store Associate,4491081185.1
83,Beitris,Sparshett,bsparshett2a@engadget.com,Retail Support Specialist,5749893512.35
84,Fan,Wardle,fwardle2b@npr.org,Stock Clerk,50894748.49
85,Gregoor,Jest,gjest2c@nationalgeographic.com,Customer Care Associate,2424912913.37
86,Enrico,Trustey,etrustey2d@tripod.com,Department Manager,2769809442.4
87,Damian,Cicco,dcicco2e@zdnet.com,Floor Supervisor,4942161901.74
88,Umberto,Copcott,ucopcott2f@un.org,Keyholder,6629765397.64
89,Menard,Toten,mtoten2g@cbsnews.com,Visual Merchandiser,368021032.85
90,Olimpia,Phillot,ophillot2h@mayoclinic.com,Cashier,9015548627.67
91,Leslie,Twitchings,ltwitchings2i@bloglovin.com,Sales Associate,5612598362.46
92,Jakie,Barenskie,jbarenskie2j@amazon.de,Senior Sales Associate,9565407810.51
93,Shelli,Franceschielli,sfranceschielli2k@walmart.com,Warehouse Associate,6065026312.14
94,Katrinka,Kalberer,kkalberer2l@sakura.ne.jp,Store Director,6142791535.08
95,Jarrod,McSherry,jmcsherry2m@facebook.com,Sales Supervisor,8865898162.88
96,Jard,Straffon,jstraffon2n@wikispaces.com,Keyholder,6224308076.17
97,Husain,Thorndale,hthorndale2o@123-reg.co.uk,Store Supervisor,9371100442.95
98,Jenilee,Duggen,jduggen2p@issuu.com,Warehouse Associate,5464280195.34
99,Sammie,Hannaby,shannaby2q@yellowpages.com,Store Coordinator,3356828522.69
100,Alasdair,Kobel,akobel2r@fema.gov,Keyholder,2636056768.89
101,Ernaline,Vondruska,evondruska2s@narod.ru,Retail Support Specialist,8472098757.97
102,Jay,Enston,jenston2t@webnode.com,Warehouse Associate,6206610019.19
103,Even,Garwood,egarwood2u@wiley.com,Product Specialist,8672648784.3
104,Nicol,Mariot,nmariot2v@cyberchimps.com,Retail Support Specialist,7925529455.01
105,Allistir,Dodman,adodman2w@princeton.edu,Inventory Coordinator,7059791560.16
106,Bartholomew,Feifer,bfeifer2x@ifeng.com,Stockroom Associate,6525538883.68
107,Rowe,Prescote,rprescote2y@wix.com,Retail Support Specialist,7946270982.39
108,Vin,Bullerwell,vbullerwell2z@tinypic.com,Stock Clerk,4775802461.26
109,Molly,Maskell,mmaskell30@prlog.org,Retail Support Specialist,7763217958.8
110,Elwin,Gollard,egollard31@google.co.jp,Floor Supervisor,7975904.86
111,Marsha,Gresham,mgresham32@joomla.org,Retail Operations Manager,7132438994.34
112,Zorine,Wannes,zwannes33@pinterest.com,Warehouse Associate,888976740.02
113,Ardyth,McAvaddy,amcavaddy34@nhs.uk,Store Manager,447471847.46
114,Foss,Jaynes,fjaynes35@miitbeian.gov.cn,Store Supervisor,1921911891.02
115,Elly,Eckels,eeckels36@marketwatch.com,Sales Consultant,7357587398.58
116,Madelin,Pearne,mpearne37@edublogs.org,Department Manager,3084773966.68
117,Adrien,Cassells,acassells38@mail.ru,Department Manager,5215202599.03
118,Juliette,Pretsel,jpretsel39@webmd.com,Retail Stock Supervisor.,2676909594.91
119,Lucita,Vedekhov,lvedekhov3a@berkeley.edu,E-commerce Manager,7659578054.52
120,Emmet,Rushford,erushford3b@cnet.com,Store Supervisor,7952857478.23
121,Andris,Crowest,acrowest3c@sciencedirect.com,Retail Sales Specialist,217500940.07
122,Elsie,Sainthill,esainthill3d@timesonline.co.uk,Stock Clerk,635718157.4
123,Alfonse,Webling,awebling3e@oakley.com,Inventory Coordinator,8379522114.36
124,Berny,Rainger,brainger3f@prlog.org,Retail Trainer,5050338464.36
125,Willabella,Dolbey,wdolbey3g@exblog.jp,Customer Experience Manager,4062385961.03
126,Callida,Chess,cchess3h@furl.net,Retail Associate,946454642.51
127,Brett,Couper,bcouper3i@networksolutions.com,Retail Trainer,255091573.86
128,Benyamin,Bullers,bbullers3j@chicagotribune.com,Store Director,632003344.49
129,Ettie,Fortey,efortey3k@hc360.com,Retail Sales Specialist,1000086974.78
130,Dougie,Bowness,dbowness3l@taobao.com,Sales Associate,5591590755.86
131,Emmott,Toten,etoten3m@tumblr.com,Delivery Coordinator,4675635235.45
132,Tam,Caldaro,tcaldaro3n@accuweather.com,Customer Service Representative,9038257811.53
133,Mariette,Iacobini,miacobini3o@tmall.com,E-commerce Manager,8934781675.25
134,Susette,Broadberrie,sbroadberrie3p@flickr.com,Customer Service Representative,8398724914.71
135,Ragnar,Rheubottom,rrheubottom3q@1688.com,Sales Supervisor,2516413838.08
136,Reagan,Redwing,rredwing3r@taobao.com,Brand Ambassador,862144899.58
137,Millie,Cradduck,mcradduck3s@sbwire.com,Sales Consultant,2385848405.93
138,Jaclin,Laurisch,jlaurisch3t@kickstarter.com,Warehouse Associate,1153989189.14
139,Sayre,Casetta,scasetta3u@weibo.com,Retail Operations Coordinator,9056174503.87
140,El,Doche,edoche3v@networkadvertising.org,Floor Supervisor,5740208193.93
141,Enrique,Stother,estother3w@reference.com,Brand Ambassador,7220423751.48
142,Odille,Waterdrinker,owaterdrinker3x@google.it,Sales Consultant,9831474811.87
143,Natala,Kerslake,nkerslake3y@fc2.com,Retail Operations Manager,7523188526.28
144,Jerry,Blincko,jblincko3z@usa.gov,Retail Trainer,7402790940.52
145,Cori,Lewing,clewing40@google.com.br,Cashier,6370438224.28
146,Adrianna,Gravestone,agravestone41@google.com.br,Retail Sales Associate,2726480227.49
147,Pate,Ianilli,pianilli42@dropbox.com,Keyholder,8653529614.84
148,Rutger,Pankhurst.,rpankhurst43@netlog.com,Senior Sales Associate,5245357206.89
149,Trixi,Cowell,tcowell44@yahoo.co.jp,Senior Store Manager,2791026244.1
150,Jodie,Bargh,jbargh45@constantcontact.com,Visual Merchandiser,6164704199.55
151,Elia,Sperwell,esperwell46@devhub.com,Retail Stock Supervisor.,988859663.05
152,Tan,Joseph,tjoseph47@e-recht24.de,Shop Assistant,1918814247.58
153,Juliet,Carnew,jcarnew48@comcast.net,Front End Supervisor,2089759483.67
154,Fraze,Cheyne,fcheyne49@moonfruit.com,Seasonal Sales Associate,1662886089.29
155,Cary,Reavell,creavell4a@live.com,Front End Supervisor,1518806834.44
156,Dulcy,Roache,droache4b@de.vu,Inventory Control Manager,3860669615.92
157,Morgen,Harcus,mharcus4c@wsj.com,Retail Stock Supervisor.,4752481986.19
158,Arabele,Goodale,agoodale4d@com.com,Customer Service Representative,3203205829.75
159,Pegeen,MacTrustam,pmactrustam4e@wisc.edu,Retail Support Specialist,3733624476.77
160,Quentin,Tyndall,qtyndall4f@de.vu,Store Director,2251082843.01
161,Stefa,Mapham,smapham4g@europa.eu,Seasonal Sales Associate,1608217486.6
162,Cart,Davidovsky,cdavidovsky4h@cafepress.com,Sales Consultant,5827290091.59
163,Bryn,Ianitti,bianitti4i@wix.com,E-commerce Manager,9217664812.74
164,Flossi,Reding,freding4j@dyndns.org,Seasonal Sales Associate,761406257.09
165,Carlotta,Croughan,ccroughan4k@state.tx.us,Inventory Control Manager,9528137086.43
166,Felicity,Brando,fbrando4l@berkeley.edu,Retail Operations Manager,4476255926.43
167,Ronny,Aitkenhead,raitkenhead4m@zdnet.com,Stock Clerk,1498582444.36
168,Virgilio,Goldman,vgoldman4n@state.tx.us,Floor Supervisor,8579188001.92
169,Silvio,Lindmark,slindmark4o@g.co,Sales Supervisor,5304768458.84
170,Genni,Ghion,gghion4p@hatena.ne.jp,Product Specialist,8988432586.6
171,Shanda,Walkington,swalkington4q@squarespace.com,Sales Consultant,901706544.79
172,Natividad,Grolle,ngrolle4r@livejournal.com,Store Supervisor,4676881505.74
173,Chaddie,Shaddick,cshaddick4s@sakura.ne.jp,Sales Associate,7356190664.07
174,Kirsten,Hodgon,khodgon4t@businessinsider.com,Sales Lead,4680194529.65
175,Jane,Sharpley,jsharpley4u@zimbio.com,Sales Floor Associate,8884753149.36
176,Thomasin,Ballard,tballard4v@yellowbook.com,Inventory Coordinator,3128156768.7
177,Inga,Simonsen,isimonsen4w@amazon.co.jp,Marketing Coordinator,1195582991.09
178,Kenon,Tomasicchio,ktomasicchio4x@cbslocal.com,Department Manager,5811920893.74
179,Grete,Ghest,gghest4y@wunderground.com,Product Specialist,7061606518.0
180,Helge,Demko,hdemko4z@google.com.hk,Warehouse Associate,1915121197.1
181,Raffaello,Carlisi,rcarlisi50@bbb.org,Store Coordinator,195404563.92
182,Carlina,Braybrookes,cbraybrookes51@angelfire.com,Delivery Coordinator,6049669765.09
183,Alan,McKinie,amckinie52@prnewswire.com,Store Supervisor,5347578662.8
184,Monica,Basnett,mbasnett53@china.com.cn,Stock Clerk,8586639891.87
185,Stefano,Giacubo,sgiacubo54@friendfeed.com,Product Specialist,2099513925.31
186,Phaidra,McGarry,pmcgarry55@networkadvertising.org,Assistant Store Manager,4577091802.26
187,Towney,Lowthorpe,tlowthorpe56@51.la,Product Knowledge Expert,794415686.23
188,Teressa,Floyed,tfloyed57@blogs.com,Retail Operations Manager,8477270439.83
189,Skye,Dugmore,sdugmore58@xinhuanet.com,Product Specialist,5972750648.49
190,Judas,Balcon,jbalcon59@patch.com,Sales Supervisor,6013220889.08
191,Myrah,Dewer,mdewer5a@rambler.ru,Retail Support Specialist,532806258.27
192,Frants,Wickmann,fwickmann5b@deviantart.com,Regional Retail Manager,8124037686.94
193,Alvy,Mowsdill,amowsdill5c@unicef.org,Retail Sales Specialist,672284634.78
194,Cesar,Gillyatt,cgillyatt5d@illinois.edu,Retail Marketing Specialist,3552968149.38
195,Jennie,Breakwell,jbreakwell5e@businessweek.com,Customer Experience Manager,4138853366.3
196,Madison,Narraway,mnarraway5f@deliciousdays.com,Retail Sales Associate,5542118014.89
197,Nicolette,Tulk,ntulk5g@nature.com,Online Store Coordinator,5618874855.88
198,Brand,O'Quin,boquin5h@goodreads.com,Brand Ambassador,4548620178.47
199,Alberta,Budibent,abudibent5i@independent.co.uk,Retail Analyst,3887886720.61
200,Chelsey,Ruit,cruit5j@ox.ac.uk,Customer Care Associate,3746164331.82
201,Redd,Bockett,rbockett5k@huffingtonpost.com,Store Associate,9101837803.73
202,Prinz,Shoulders,pshoulders5l@hubpages.com,Cashier,6408600325.06
203,Winna,Dudlestone,wdudlestone5m@deliciousdays.com,Retail Trainer,4241869263.58
204,Nerissa,Greenhouse,ngreenhouse5n@pen.io,Senior Sales Associate,6904802089.44
205,Devlin,Stallybrass,dstallybrass5o@google.com.br,Store Associate,1855455633.56
206,Flory,Weald,fweald5p@mysql.com,Senior Store Manager,7755076367.71
207,Elenore,Helgass,ehelgass5q@economist.com,Front End Supervisor,8013886335.63
208,Averell,Hoggins,ahoggins5r@about.com,Marketing Coordinator,2487160253.29
209,Micheil,Bickardike,mbickardike5s@nih.gov,Sales Associate,8889541297.44
210,Tanhya,Bernolet,tbernolet5t@indiegogo.com,Retail Support Specialist,9108168916.09
211,Courtney,Sneezum,csneezum5u@guardian.co.uk,Brand Ambassador,4479614962.56
212,Waldemar,Herkess,wherkess5v@desdev.cn,Retail Sales Specialist,7337484437.07
213,Hilary,Staves,hstaves5w@so-net.ne.jp,Stock Clerk,8003522005.54
214,Kev,MacNeely,kmacneely5x@google.fr,Seasonal Sales Associate,328061506.39
215,Frederic,Seth,fseth5y@pagesperso-orange.fr,Assistant Store Manager,9305059308.86
216,Olag,Stanyer,ostanyer5z@tuttocitta.it,Shop Assistant,843161730.69
217,Haskell,Sinderson,hsinderson60@bandcamp.com,Store Associate,2268021173.2
218,Darbie,Dye,ddye61@redcross.org,Product Specialist,1683184910.03
219,Minnaminnie,Dutnall,mdutnall62@ox.ac.uk,Store Manager,613048505.38
220,Levy,Spinley,lspinley63@sun.com,Retail Trainer,85004414.62
221,Melitta,Readhead,mreadhead64@mediafire.com,Seasonal Sales Associate,2032974772.13
222,Freeman,Livett,flivett65@examiner.com,Sales Consultant,6957485611.25
223,Wandis,Weippert,wweippert66@nationalgeographic.com,Store Coordinator,4976618668.83
224,Solomon,Bartle,sbartle67@blog.com,Retail Analyst,1920062417.42
225,Pennie,Smallman,psmallman68@trellian.com,Brand Ambassador,5463132640.44
226,Rosemary,Jedrzejkiewicz,rjedrzejkiewicz69@fastcompany.com,Retail Brand Manager,9372654647.29
227,Nowell,Metterick,nmetterick6a@bloglines.com,Retail Stock Supervisor.,8370992304.77
228,Koralle,Fitch,kfitch6b@skype.com,Front End Supervisor,4724650844.49
229,Fin,Sanzio,fsanzio6c@privacy.gov.au,Visual Merchandiser,8568944569.51
230,Lucille,Semour,lsemour6d@moonfruit.com,Assistant Store Manager,709208541.85
231,Reube,Brewins,rbrewins6e@aol.com,Sales Consultant,7009455050.18
232,Lesley,Commander,lcommander6f@over-blog.com,Customer Experience Manager,8239235970.39
233,Leontine,Bamforth,lbamforth6g@latimes.com,Cashier,4990227747.13
234,Max,Alldre,malldre6h@mapy.cz,Online Store Coordinator,4870867665.66
235,Torrie,Shinn,tshinn6i@digg.com,Assistant Store Manager,3829272383.42
236,Merrel,Pranger,mpranger6j@mapy.cz,Regional Retail Manager,8326783603.17
237,Carmine,Padly,cpadly6k@europa.eu,Shop Assistant,7256176808.56
238,Frances,Nunes Nabarro,fnunesnabarro6l@about.me,Retail Sales Specialist,7751988351.35
239,Salomi,Loughead,sloughead6m@dion.ne.jp,Senior Store Manager,9950192811.97
240,Jodi,Maciocia,jmaciocia6n@networksolutions.com,Retail Support Specialist,3786866560.64
241,Artur,Giamo,agiamo6o@naver.com,Front End Supervisor,9157312989.57
242,Winni,Robic,wrobic6p@marriott.com,Online Store Coordinator,371160419.74
243,Holly,McNeilly,hmcneilly6q@ustream.tv,Customer Care Associate,396754872.06
244,Maribeth,Patrick,mpatrick6r@hc360.com,Marketing Coordinator,987556129.0
245,Harvey,Maroney,hmaroney6s@techcrunch.com,Assistant Retail Manager,9665129617.09
246,Phillie,Botley,pbotley6t@tumblr.com,Visual Merchandiser,4173523953.98
247,Stephanus,Phinnessy,sphinnessy6u@spiegel.de,Delivery Coordinator,9768908033.91
248,Ichabod,Sewards,isewards6v@list-manage.com,Sales Supervisor,1143945391.91
249,Carleen,Verney,cverney6w@cbc.ca,Department Manager,6104551541.72
250,Mada,Grooby,mgrooby6x@parallels.com,Customer Experience Manager,9065935489.81
251,Klement,Ovesen,kovesen6y@ameblo.jp,Stockroom Associate,5871773691.91
252,Axe,Zoanetti,azoanetti6z@soup.io,Regional Retail Manager,987344071.88
253,Whittaker,Presser,wpresser70@omniture.com,Store Associate,8344224238.19
254,Arleyne,Curle,acurle71@mediafire.com,Product Knowledge Expert,5982741435.35
255,Daven,Calverd,dcalverd72@bigcartel.com,Product Knowledge Expert,6333554889.03
256,Adolf,Portman,aportman73@wordpress.org,Seasonal Sales Associate,9267948463.06
257,Fin,Skeemer,fskeemer74@bbb.org,Product Specialist,101738147.09
258,Caddric,Loughren,cloughren75@so-net.ne.jp,Brand Ambassador,9993635721.95
259,Rebecca,Fydoe,rfydoe76@slashdot.org,Retail Sales Trainer,2890270345.56
260,Germana,Sudddard,gsudddard77@aboutads.info,Warehouse Associate,8146118430.97
261,Constanta,Cozins,ccozins78@unc.edu,Assistant Store Manager,7360112168.1
262,Trent,McHugh,tmchugh79@yale.edu,Stockroom Associate,5765218397.37
263,Carol,Wagstaffe,cwagstaffe7a@webeden.co.uk,Sales Floor Associate,4682088427.82
264,Bond,Portch,bportch7b@stanford.edu,Department Manager,5989012098.74
265,Gusti,Macura,gmacura7c@pbs.org,Visual Merchandiser,7828428731.23
266,Raychel,Lappine,rlappine7d@umich.edu,Visual Merchandiser,5044966588.99
267,Rikki,MacKereth,rmackereth7e@xinhuanet.com,Retail Sales Associate,7637251623.51
268,Aylmar,Ledwidge,aledwidge7f@live.com,Inventory Control Manager,3523174917.18
269,Wallie,Jewell,wjewell7g@goo.gl,Retail Trainer,2367819480.36
270,Lucienne,Leall,lleall7h@canalblog.com,Customer Experience Manager,7565545594.77
271,Albertine,Wookey,awookey7i@youtu.be,Retail Trainer,3786982605.75
272,Vinny,Lechmere,vlechmere7j@lycos.com,Stock Clerk,5533240421.15
273,Grayce,Sankey,gsankey7k@geocities.com,Visual Merchandiser,929515565.96
274,Elli,Di Giacomettino,edigiacomettino7l@geocities.com,Store Manager,626251498.76
275,Bryana,Chesworth,bchesworth7m@harvard.edu,Senior Store Manager,7723310786.79
276,Gay,Burberye,gburberye7n@forbes.com,Store Director,1623069688.58
277,Juliane,Dod,jdod7o@opensource.org,Inventory Control Manager,6062772963.36
278,Johna,Hulson,jhulson7p@123-reg.co.uk,Keyholder,7105713240.02
279,Sal,Hamsson,shamsson7q@cbsnews.com,Store Coordinator,1979388149.92
280,Hailey,Tevlin,htevlin7r@yahoo.com,Department Manager,8964223514.5
281,Joice,Baudrey,jbaudrey7s@phpbb.com,Retail Trainer,415247470.11
282,Sydney,Jorck,sjorck7t@ning.com,Stock Clerk,3066648581.13
283,Brigit,Shepeard,bshepeard7u@dailymotion.com,Delivery Coordinator,7259707132.54
284,Binni,Kaindl,bkaindl7v@imgur.com,Delivery Coordinator,6009095063.8
285,Bartholemy,Corssen,bcorssen7w@jimdo.com,Retail Stock Supervisor.,3132864420.64
286,Delores,Isakson,disakson7x@4shared.com,E-commerce Manager,5013269465.07
287,Marna,Copin,mcopin7y@zimbio.com,Retail Trainer,9117194757.34
288,Hercules,Gregorin,hgregorin7z@dion.ne.jp,Stock Clerk,3076018679.96
289,Ruthe,MacNish,rmacnish80@lycos.com,Sales Floor Associate,9966420485.38
290,Annetta,O'Nowlan,aonowlan81@msu.edu,Visual Merchandiser,5190328283.31
291,Ervin,Tweedlie,etweedlie82@washington.edu,Retail Support Specialist,6016083438.3
292,Shanan,Corsar,scorsar83@homestead.com,Shop Assistant,9131780060.82
293,Anthea,Neames,aneames84@edublogs.org,Store Associate,7202814705.46
294,Sofie,Itzhaki,sitzhaki85@dyndns.org,Store Associate,7873264008.98
295,Jecho,Pobjoy,jpobjoy86@dion.ne.jp,Store Associate,428292579.34
296,Joceline,Spridgeon,jspridgeon87@zdnet.com,Retail Operations Coordinator,5655647290.03
297,Lisetta,Nemchinov,lnemchinov88@newsvine.com,Sales Floor Associate,2360963142.28
298,Kirstin,Swiers,kswiers89@bizjournals.com,E-commerce Manager,1500922434.76
299,Bone,Nassi,bnassi8a@linkedin.com,Retail Operations Coordinator,3011171403.78
300,Cordelie,Chicotti,cchicotti8b@sohu.com,Seasonal Sales Associate,4720705680.03
